model,train_accuracy,test_accuracy,train_recall,test_recall,train_f1,test_f1,RR,best_params
AlexNet,0.8582781456953642,0.8448275862068966,0.9719157472417251,0.9630681818181818,0.9005576208178439,0.904,0.8226626941066597,
Spanhol,0.971523178807947,0.8556034482758621,0.9909729187562688,0.9602272727272727,0.9787023278850917,0.9098250336473754,0.8361143167177651,
